Furniture Name,Price
Sleepyhead Bed GS Solid Wood King Box Bed,"₹29,999"
Sleepyhead Bed GS Solid Wood Queen Box Bed,"₹27,999"
Flipkart Perfect Homes Opus Engineered Wood Queen Box Bed,"₹13,590"
Flipkart Perfect Homes Carol Engineered Wood Queen Bed,"₹10,165"
Flipkart Perfect Homes Opus Engineered Wood King Box Bed,"₹15,790"
Sleepyhead Solid Wood Queen Bed,"₹17,999"
Flipkart Perfect Homes Opus Engineered Wood Queen Box Bed,"₹13,790"
Flipkart Perfect Homes Opus Engineered Wood King Box Bed,"₹16,290"
Forzza Jasper Engineered Wood Queen Box Bed,"₹14,790"
Flipkart Perfect Homes Waltz Engineered Wood Queen Box Bed,"₹15,990"
Forzza Jasper Engineered Wood King Bed,"₹14,819"
Sleepyhead Solid Wood Queen Box Bed,"₹27,999"
Flipkart Perfect Homes Rhapsody Engineered Wood Queen Box Bed,"₹15,990"
FurnitureKraft Nancy Metal Queen Bed,"₹7,590"
FurnitureKraft Valencia Metal Bunk Bed,"₹14,380"
Sleepyhead Bed G Solid Wood Queen Bed,"₹17,999"
SPACEWOOD Engineered Wood Single Box Bed,"₹8,890"
Flipkart Perfect Homes Carol Engineered Wood King Bed,"₹13,190"
Flipkart Perfect Homes Rhapsody Engineered Wood Queen Box Bed,"₹16,890"
furbicle Eden Solid Wood Queen Size Bed With Hydraulic Storage for Bedroom | Wooden Palang Double Bed Furniture (Remanufactured) Solid Wood Queen NA Bed,"₹31,499"
Flipkart Perfect Homes Waltz Engineered Wood King Box Bed,"₹17,625"
furbicle Ivor Engineered Wood Queen Size bed with Drawer Storage For Bedroom Living Room | Wooden Palang Double Bed Furniture (Remanufactured) Engineered Wood Queen Drawer Bed,"₹17,499"
Flipkart Perfect Homes Waltz Engineered Wood Queen Box Bed,"₹15,190"
Forzza Nicolas Engineered Wood Queen Bed,"₹20,899"
Flipkart Perfect Homes Sonore Engineered Wood Single Box Bed,"₹8,090"
Flipkart Perfect Homes Studio Palermo Metal Queen Bed,"₹7,124"
FurnitureKraft Nancy Metal King Bed,"₹9,190"
Sleepyhead Bed G Solid Wood King Bed,"₹19,999"
Flipkart Perfect Homes Rhapsody Engineered Wood King Box Bed,"₹19,590"
furbicle Ivor Engineered Wood Single Bed with Drawer Storage for Bedroom Living Room | Wooden Palang Single Bed Furniture (Remanufactured) Engineered Wood Single Drawer Bed,"₹11,499"
Nilkamal WILLY Engineered Wood King Box Bed,"₹17,590"
Delite Kom Urban Engineered Wood Single Box Bed,"₹13,599"
SPACEWOOD Engineered Wood Single Box Bed,"₹9,290"
Springtek Folding Rollaway Bed with 6 inches Mattress Metal Single Bed,"₹12,799"
Flipkart Perfect Homes Waltz Engineered Wood King Box Bed,"₹18,062"
furbicle Remanufactured Ivor Engineered Wood Queen Bed,"₹8,999"
COMFORT Creation Shree Ganesh Online Comfort Single Folding With Super Deluxe Quality 2 In 1 Niwar With Free Extras Shoe Base Given Inside Package Used For Sleeping And Indoor-Outdoor Purpose Metal Queen Bed Metal Single Bed,"₹2,495"
Flipkart Perfect Homes Quintus Engineered Wood Single Box Bed,"₹8,090"
Flipkart Perfect Homes Rhapsody Engineered Wood King Box Bed,"₹18,890"
furbicle Ivor Engineered Wood Queen Size Bed Without Storage For Bedroom Living Room | Wooden Palang Double Bed Furniture (Remanufactured) Engineered Wood Queen Bed,"₹8,499"
